GROUP,PACKAGE,CLASS,INSTRUCTION_MISSED,INSTRUCTION_COVERED,BRANCH_MISSED,BRANCH_COVERED,LINE_MISSED,LINE_COVERED,COMPLEXITY_MISSED,COMPLEXITY_COVERED,METHOD_MISSED,METHOD_COVERED
Maven StrHelper,com.mycompany.app.my,StrHelper,40,67,2,6,6,12,3,7,2,4
Maven StrHelper,com.mycompany.app.my,MainForm.new ActionListener() {...},17,0,0,0,4,0,2,0,2,0
Maven StrHelper,com.mycompany.app.my,NewJFrame,406,0,6,0,105,0,9,0,6,0
Maven StrHelper,com.mycompany.app.my,NewJFrame.new ActionListener() {...},11,0,0,0,3,0,2,0,2,0
Maven StrHelper,com.mycompany.app.my,Main,84,0,8,0,14,0,6,0,2,0
Maven StrHelper,com.mycompany.app.my,NewJFrame.new Runnable() {...},9,0,0,0,3,0,2,0,2,0
Maven StrHelper,com.mycompany.app.my,NewJFrame.new ActionListener() {...},11,0,0,0,3,0,2,0,2,0
Maven StrHelper,com.mycompany.app.my,MainForm.new DocumentListener() {...},29,0,2,0,9,0,6,0,5,0
Maven StrHelper,com.mycompany.app.my,NewJFrame.new ActionListener() {...},11,0,0,0,3,0,2,0,2,0
Maven StrHelper,com.mycompany.app.my,NewJFrame.new DocumentListener() {...},29,0,2,0,9,0,6,0,5,0
Maven StrHelper,com.mycompany.app.my,MainForm.BtnParseClicked,24,0,0,0,6,0,2,0,2,0
Maven StrHelper,com.mycompany.app.my,NewJFrame.BtnParseClicked,4,0,0,0,3,0,2,0,2,0
Maven StrHelper,com.mycompany.app.my,MainForm,37,0,2,0,7,0,3,0,2,0
Maven StrHelper,com.mycompany.app.my,MainForm.TxbInputTextChanged,7,0,0,0,2,0,2,0,2,0
Maven StrHelper,example,Calc,7,0,0,0,2,0,2,0,2,0
